numpoints,dim,trials,avgweight
10,0,5,1.074488
10,0,5,2.309779
10,0,5,3.567808
10,0,5,4.908581
10,0,5,6.362325
